Product ID,Type,Air temperature [K],Process temperature [K],Rotational speed [rpm],Torque [Nm],Tool wear [min],Machine failure,TWF,HDF,PWF,OSF,RNF
H30474,H,296.3,307.2,1841,26.8,105,1,0,0,0,0,0
L50199,L,300.5,309.8,1379,46.5,96,1,0,0,0,0,0
L51094,L,302.5,311.5,1597,35.2,199,1,0,0,0,0,0
L55549,L,298.8,309.7,1481,40.6,25,1,0,0,0,0,0
L53707,L,301.2,309.7,1516,44.4,140,1,0,0,0,0,0
L55273,L,300.2,311.6,1511,38.7,160,1,0,0,0,0,0
L53820,L,301.4,310.4,1400,44.2,174,1,0,0,0,0,0
L54960,L,300.4,311.6,1494,43.6,49,1,0,0,0,0,0
M18524,M,302.3,311.7,1756,30.8,121,1,0,0,0,0,0
M20682,M,301.3,311,1351,50.2,214,1,0,0,0,0,0
L54808,L,300.5,311.7,1408,47.5,179,1,0,0,0,0,0
M21429,M,301.6,310.7,1559,34,95,1,0,0,0,0,0
L49461,L,299.4,308.7,1362,51.7,94,1,0,0,0,0,0
M15755,M,296.9,307.8,1445,42.1,13,1,0,0,0,0,0
L53414,L,301.2,310.8,1524,43.5,155,1,0,0,0,0,0
L48847,L,298.2,307.9,1384,43.8,184,1,0,0,0,0,0
L53031,L,301.4,310.9,1469,32.2,57,1,0,0,0,0,0
H31178,H,298.3,307.9,1316,51.2,179,1,0,0,0,0,0
L50497,L,301.5,310.5,1543,37.3,96,1,0,0,0,0,0
L51648,L,302.7,310.5,1369,49.6,209,1,0,0,0,0,0
H32553,H,300.4,309.9,1693,29.8,210,1,0,0,0,0,0
H31721,H,299.1,308.5,1623,33.5,154,1,0,0,0,0,0
L52712,L,302.4,311.8,1425,50.2,166,1,0,0,0,0,0
L49437,L,299.1,308.2,1362,50.1,36,1,0,0,0,0,0
L49375,L,299.6,308.9,1438,47,119,1,0,0,0,0,0
M21134,M,301.2,310.7,1428,44.3,43,1,0,0,0,0,0
L54523,L,299.7,310.2,1498,38.5,196,1,0,0,0,0,0
L50669,L,301.9,310.9,1447,41.8,96,1,0,0,0,0,0
L52998,L,301.3,311,1377,53,203,1,0,0,0,0,0
L55045,L,300.5,311.9,1471,48.6,39,1,0,0,0,0,0
L56679,L,299.2,310.1,1534,37.2,10,1,0,0,0,0,0
L54825,L,300.5,311.4,1603,33.4,142,1,0,0,0,0,0
M19694,M,303.5,312,1404,48.3,80,1,0,0,0,0,0
M24756,M,298.8,309.3,1637,33.3,169,1,0,0,0,0,0
L48894,L,298.1,307.8,1357,48.8,76,1,0,0,0,0,0
L55304,L,300.2,311.4,1627,31.4,2,1,0,0,0,0,0
L49650,L,298.9,308.5,1412,43.2,136,1,0,0,0,0,0
M17050,M,299.6,309,1471,44.3,67,1,0,0,0,0,0
L51362,L,301.7,310.7,1558,40.3,119,1,0,0,0,0,0
M16352,M,298,309.6,1479,51.1,28,1,0,0,0,0,0
M21496,M,301.5,310.5,1510,48.7,47,1,0,0,0,0,0
L54763,L,300.4,311.3,1495,46.6,185,1,0,0,0,0,0
M22189,M,299.9,310.6,1611,40.7,2,1,0,0,0,0,0
M22800,M,300.5,311.9,1525,37.5,33,1,0,0,0,0,0
M23061,M,299.3,310.9,1826,25.1,20,1,0,0,0,0,0
L55795,L,297.6,308.4,1646,30.4,9,1,0,0,0,0,0
M15664,M,296.9,307.8,1286,55,105,1,0,0,0,0,0
M15252,M,297.5,308.6,1330,55.5,87,1,0,0,0,0,0
L53868,L,301.7,311,1577,42,24,1,0,0,0,0,0
M16332,M,298.5,309.3,1520,41.1,124,1,0,0,0,0,0
L55704,L,298.6,309.5,1515,38.2,147,1,0,0,0,0,0
L53535,L,300.1,309.7,1544,37.9,34,1,0,0,0,0,0
L56446,L,298.2,308.8,1394,46.8,26,1,0,0,0,0,0
M17483,M,299.6,309.4,1544,39.1,83,1,0,0,0,0,0
L47809,L,298.3,310.1,1666,26,0,1,0,0,0,0,0
L47668,L,297.4,309.2,1568,36.7,186,1,0,0,0,0,0
L53447,L,300.9,310.4,1635,33.5,19,1,0,0,0,0,0
L48798,L,297.9,307.8,1391,52.9,55,1,0,0,0,0,0
M16981,M,299.2,308.8,1435,37.4,25,1,0,0,0,0,0
M18026,M,300.4,309.7,1397,52.7,156,1,0,0,0,0,0
M23953,M,297.3,308.1,1709,30.7,196,1,0,0,0,0,0
L49642,L,298.9,308.6,1320,63.5,117,1,0,0,0,0,0
L55966,L,297.5,308.5,1306,50.7,139,1,0,0,0,0,0
H39018,H,299,310.2,1405,38,20,1,0,0,0,0,0
L55790,L,297.4,308.7,1462,38.3,0,1,0,0,0,0,0
M18904,M,301.9,310.9,1419,47.7,20,1,0,0,0,0,0
L49488,L,299.2,308.5,1566,39.2,154,1,0,0,0,0,0
L52182,L,303.7,312.7,1627,31.7,40,1,0,0,0,0,0
M22262,M,299.8,310.9,1636,35.1,156,1,0,0,0,0,0
M20478,M,303,312.4,1392,53.5,129,1,0,0,0,0,0
L48520,L,299,310.3,1480,41.1,10,1,0,0,0,0,0
L48205,L,296.3,307.2,2057,19.9,109,1,0,0,0,0,0
L47240,L,298.8,309.1,1503,34.7,167,1,0,0,0,0,0
L54222,L,300.6,310.5,1642,42.4,59,1,0,0,0,0,0
H38860,H,298.4,309.2,1366,53.2,121,1,0,0,0,0,0
L56759,L,299.5,310.7,1951,21.4,5,1,0,0,0,0,0
L56447,L,298.2,308.8,1524,41.5,28,1,0,0,0,0,0
L56796,L,299,310.1,1461,48.1,97,1,0,0,0,0,0
L54275,L,300.6,310.2,1583,32.8,148,1,0,0,0,0,0
L55763,L,297.4,308,1438,44.8,154,1,0,0,0,0,0
L47912,L,296.9,308.4,1411,55.8,7,1,0,0,0,0,0
M22470,M,300.5,311.3,1507,42.4,41,1,0,0,0,0,0
L49650,L,298.9,308.5,1452,41.7,136,1,0,0,0,0,0
L47363,L,298.2,308.2,1423,44,59,1,0,0,0,0,0
L57043,L,298.9,309.9,1352,56.3,84,1,0,0,0,0,0
M17275,M,299.1,308.6,1587,42.4,2,1,0,0,0,0,0
L56574,L,297.7,308.2,1334,51.2,156,1,0,0,0,0,0
L57148,L,298.4,308,1605,32.1,154,1,0,0,0,0,0
L56256,L,297.2,308.4,1474,44.3,28,1,0,0,0,0,0
H36081,H,301.5,310.6,1454,39.9,198,1,0,0,0,0,0
H39199,H,298.7,309.7,1497,29.8,74,1,0,0,0,0,0
L51486,L,301.6,310,1622,36.1,18,1,0,0,0,0,0
L53040,L,301.3,311,1605,33.3,85,1,0,0,0,0,0
M22752,M,300.1,311.4,1459,38.6,84,1,0,0,0,0,0
L52114,L,303.4,312.2,1523,35.8,73,1,0,0,0,0,0
L56291,L,297.6,308.6,1476,42.2,160,1,0,0,0,0,0
L53387,L,300.9,310.8,1658,33,87,1,0,0,0,0,0
L52772,L,302.6,312,1559,35,69,1,0,0,0,0,0
L57163,L,298.7,308.4,1372,63.7,195,1,0,0,0,0,0
L48495,L,299,310.2,1351,49.3,176,1,0,0,0,0,0
L48990,L,298.1,307.6,1459,53.8,129,1,0,0,0,0,0
M17086,M,299.4,308.9,1488,44.3,162,1,0,0,0,0,0
H29990,H,298.8,309.7,1440,51.1,191,1,0,0,0,0,0
L47205,L,299,309.5,1861,30.1,73,1,0,0,0,0,0
L53963,L,301.3,310.8,1423,47.9,53,1,0,0,0,0,0
L52712,L,302.4,311.8,1476,42.9,110,1,0,0,0,0,0
L55402,L,299,310.5,1665,32.1,74,1,0,0,0,0,0
L56552,L,297.7,308.4,1487,36.4,84,1,0,0,0,0,0
L51056,L,302.6,311.8,1627,38.2,23,1,0,0,0,0,0
L55079,L,300.8,312.4,1540,39.6,101,1,0,0,0,0,0
L47381,L,298.3,308.5,1390,49.5,197,1,0,0,0,0,0
H32395,H,300.6,309.2,1659,29.5,185,1,0,0,0,0,0
M16346,M,298.2,309.3,1426,48.4,136,1,0,0,0,0,0
L48545,L,298.7,310.3,1412,49.9,70,1,0,0,0,0,0
L56162,L,297,307.6,1750,30.1,96,1,0,0,0,0,0
L49729,L,299.4,309.2,1490,40.9,114,1,0,0,0,0,0
L50656,L,301.8,310.6,1522,40.2,70,1,0,0,0,0,0
L55146,L,301,312.2,1474,40.7,67,1,0,0,0,0,0
L48893,L,298.2,307.7,1515,46.7,74,1,0,0,0,0,0
L55650,L,298.6,309.8,1423,44.6,74,1,0,0,0,0,0
L48640,L,299,310.3,1511,38.9,204,1,0,0,0,0,0
H32557,H,300.4,309.8,1873,25.6,168,1,0,0,0,0,0
L50119,L,300.7,309.7,1431,41.4,199,1,0,0,0,0,0
L50253,L,300.4,309.1,1483,38,171,1,0,0,0,0,0
L49727,L,298.9,309.1,1578,34.5,170,1,0,0,0,0,0
M18156,M,301.2,310.3,1417,51,92,1,0,0,0,0,0
L53128,L,300.7,310.9,1511,39.6,95,1,0,0,0,0,0
L50070,L,300.6,309.5,1419,40,78,1,0,0,0,0,0
M23020,M,299.7,311.1,1309,30.3,139,1,0,0,0,0,0
L48496,L,299,310.3,1507,36.9,173,1,0,0,0,0,0
L55823,L,297.3,308.5,1448,54.3,83,1,0,0,0,0,0
M16308,M,299,310.3,1587,31,70,1,0,0,0,0,0
M18004,M,300.6,310,1478,43.7,95,1,0,0,0,0,0
M19103,M,302.4,310.9,1447,41.6,83,1,0,0,0,0,0
M21856,M,300.7,311.2,1469,46.8,177,1,0,0,0,0,0
L47825,L,297.7,309.4,1871,23.9,142,1,0,0,0,0,0
H31072,H,298.1,308,1605,34.8,161,1,0,0,0,0,0
L53063,L,301.4,311.1,1800,33.8,135,1,0,0,0,0,0
L55387,L,299.2,310.7,1535,41.2,17,1,0,0,0,0,0
H39398,H,298.5,308.2,1436,42,16,1,0,0,0,0,0
L53022,L,301.4,311.2,1435,47.4,37,1,0,0,0,0,0
M21831,M,300.7,311,1479,39.9,119,1,0,0,0,0,0
L47894,L,297.4,308.6,1439,36.2,116,1,0,0,0,0,0
L52465,L,303.8,313,1523,39.8,150,1,0,0,0,0,0
L51551,L,302,309.8,1975,19.7,199,1,0,0,0,0,0
L48445,L,297.2,308.9,1517,42.7,39,1,0,0,0,0,0
L56897,L,298.9,309.9,1463,48.1,115,1,0,0,0,0,0
L49948,L,300,309.3,1419,47.5,5,1,0,0,0,0,0
H38280,H,297.9,308.7,1429,39,136,1,0,0,0,0,0
L56257,L,297.3,308.1,1566,36,154,1,0,0,0,0,0
H30850,H,298.8,309.8,1742,27.3,35,1,0,0,0,0,0
H35475,H,300.8,310.8,1462,49.2,45,1,0,0,0,0,0
H37206,H,300.1,311.4,1612,30.7,75,1,0,0,0,0,0
H35377,H,300.6,310.7,1981,19.3,99,1,0,0,0,0,0
L53637,L,300.7,310.1,1395,48,85,1,0,0,0,0,0
L55609,L,299,310.3,1456,38.4,181,1,0,0,0,0,0
L50502,L,301.5,310.6,1351,52.9,137,1,0,0,0,0,0
M23338,M,298.8,309.7,1591,35.4,173,1,0,0,0,0,0
M20456,M,302.9,312,1510,43.9,55,1,0,0,0,0,0
H29990,H,297.3,309,1440,51.1,191,1,0,0,0,0,0
L53542,L,300,309.6,1336,59.2,136,1,0,0,0,0,0
L51471,L,301.8,310,1396,49,203,1,0,0,0,0,0
L50586,L,301.2,310.4,1357,52.1,115,1,0,0,0,0,0
L53041,L,301.3,311,1554,37,84,1,0,0,0,0,0
M23338,M,298.5,309.6,1680,31.3,176,1,0,0,0,0,0
L54967,L,300.5,311.5,1352,44.9,64,1,0,0,0,0,0
L55273,L,300.2,311.6,1365,49,162,1,0,0,0,0,0
L49311,L,299.4,309.1,1430,49,137,1,0,0,0,0,0
M17713,M,300.5,309.3,1539,39.1,101,1,0,0,0,0,0
L51970,L,303.8,312.8,1443,40.7,166,1,0,0,0,0,0
L53518,L,300.4,309.8,1376,49.9,206,1,0,0,0,0,0
L54160,L,300.8,311.1,1505,45.5,141,1,0,0,0,0,0
L54253,L,300.7,310.6,1689,29.9,13,1,0,0,0,0,0
L52537,L,303.3,312.6,1363,45.5,130,1,0,0,0,0,1
M23954,M,297.3,308.5,1477,40.1,98,1,0,0,0,0,0
L53273,L,301,310.8,1637,33.7,10,1,0,0,0,0,0
H31483,H,299.3,309.6,1553,34,181,1,0,0,0,0,0
L53901,L,301.4,310.7,1544,36.9,106,1,0,0,0,0,0
L49467,L,299.4,308.7,1392,51,107,1,0,0,0,0,0
L56379,L,297.9,308.4,1588,31.4,49,1,0,0,0,0,0
M15827,M,295.9,306.6,1471,38.6,104,1,0,0,0,0,0
L50902,L,302.2,311.1,1548,38.9,66,1,0,0,0,0,0
H36228,H,301.1,311.5,1479,41.2,0,1,0,0,0,0,0
L49928,L,299.7,309.3,1525,43.2,177,1,0,0,0,0,0
L52352,L,304.2,313.4,1710,27.7,91,1,0,0,0,0,0
M16764,M,298,307.6,1483,42.6,98,1,0,0,0,0,0
L51443,L,302.6,311,1652,28.4,139,1,0,0,0,0,0
M22229,M,299.6,310.6,2089,19.7,74,1,0,0,0,0,0
M23035,M,299.1,310.6,1529,41.5,169,1,0,0,0,0,0
L48237,L,296.8,307.8,1823,24.2,126,1,0,0,0,0,0
H37494,H,300.4,311.7,1511,48,200,1,0,0,0,0,0
L56434,L,298.3,309,1611,33.6,195,1,0,0,0,0,0
L56349,L,297.7,308.8,1523,37.7,152,1,0,0,0,0,0
M15546,M,297.7,309,1335,54.6,35,1,0,0,0,0,0
L50365,L,300.1,309.3,1585,32.1,203,1,0,0,0,0,0
M21814,M,300.7,311,1429,52.3,124,1,0,0,0,0,0
L56912,L,298.9,310,1450,44.7,140,1,0,0,0,0,0
L55559,L,298.8,309.5,1377,41.9,5,1,0,0,0,0,0
L50572,L,301.5,310.6,1461,45.8,114,1,0,0,0,0,0
H36996,H,300.4,311.3,1485,47.5,28,1,0,0,0,0,0
L49860,L,299.8,309.4,1573,32.1,129,1,0,0,0,0,0
H35802,H,300.9,310.5,1717,26.9,146,1,0,0,0,0,0
M17825,M,300.7,309.5,1838,33.6,44,1,0,0,0,0,0
M18484,M,302,310.9,1402,40.9,30,1,0,0,0,0,0
L49335,L,299.3,308.8,1341,47.7,23,1,0,0,0,0,0
L53965,L,301.2,310.6,1522,40.7,90,1,0,0,0,0,0
L53142,L,300.3,310.6,1363,47.4,117,1,0,0,0,0,0
L53719,L,301.4,310.7,1758,25.8,90,1,0,0,0,0,0
H29462,H,298.3,308.1,1409,38,103,1,0,0,0,0,0
L52745,L,302.4,311.9,1580,29.9,7,1,0,0,0,0,0
L47396,L,298.3,308.6,1479,43.4,142,1,0,0,0,0,0
L47658,L,297.4,309,1833,24.8,161,1,0,0,0,0,0
L55789,L,297.4,308.3,1475,40.5,5,1,0,0,0,0,0
M23620,M,297.4,308.7,1452,46.4,174,1,0,0,0,0,0
L51920,L,303.3,311.7,1680,30.6,162,1,0,0,0,0,0
L54990,L,300,311.5,1730,25.6,123,1,0,0,0,0,0
L54222,L,300.7,310.5,1297,58.9,100,1,0,0,0,0,0
L53071,L,301.4,311,1517,39.7,159,1,0,0,0,0,0
L52379,L,303.8,312.7,1511,35,96,1,0,0,0,0,0
L49878,L,300,309.6,1671,29.9,192,1,0,0,0,0,0
L53353,L,300.8,310.7,1548,34.3,0,1,0,0,0,0,0
L57022,L,298.4,309.3,1395,48.1,24,1,0,0,0,0,0
L53008,L,301.1,311.1,1492,41.5,213,1,0,0,0,0,0
M15268,M,297.4,308.3,1458,42.5,26,1,0,0,0,0,0
L56218,L,297.3,308.3,1487,46.1,49,1,0,0,0,0,0
L53132,L,300.7,310.8,1650,33.8,104,1,0,0,0,0,0
L55309,L,300.5,311.9,1452,41.9,16,1,0,0,0,0,0
L55041,L,300.5,312,1498,46.5,25,1,0,0,0,0,0
L53714,L,301.3,310.6,1679,44.2,0,1,0,0,0,0,0
L56769,L,299.2,310.4,1546,37.9,13,1,0,0,0,0,0
L48922,L,298.5,307.4,1379,49.6,152,1,0,0,0,0,0
L50099,L,300.5,309.4,1711,28.7,179,1,0,0,0,0,0
L48969,L,298.3,308,1356,46.6,62,1,0,0,0,0,0
L55982,L,297.4,308.5,1578,43.1,0,1,0,0,0,0,0
L55863,L,297.2,308.5,1615,37,188,1,0,0,0,0,0
L54280,L,300.7,310.2,1569,42,31,1,0,0,0,0,0
L55687,L,298.4,309.4,1472,38.9,197,1,0,0,0,0,0
M17123,M,299.2,308.5,1452,43.1,76,1,0,0,0,0,0
L53622,L,300.7,310.2,1396,48.3,196,1,0,0,0,0,0
L48610,L,298.9,309.9,1567,33.6,20,1,0,0,0,0,0
L50535,L,301.5,310.8,1759,31,193,1,0,0,0,0,0
L53911,L,301.6,310.9,1385,51.2,166,1,0,0,0,0,0
L49295,L,299.4,309.2,1675,29.7,86,1,0,0,0,0,0
L50992,L,302,310.8,1587,37.2,84,1,0,0,0,0,0
L47806,L,298.4,310.1,1444,49.2,148,1,0,0,0,0,0
L52091,L,303.5,312.3,1555,33.8,28,1,0,0,0,0,0
M16928,M,299.6,309.4,1554,32.5,176,1,0,0,0,0,0
L52483,L,303.5,313.1,1794,26.1,197,1,0,0,0,0,0
H37244,H,299.9,311.2,1495,35.8,146,1,0,0,0,0,0
L51018,L,302.3,311,1392,49.5,156,1,0,0,0,0,0
L47940,L,296.9,307.8,1439,44,236,1,0,0,0,0,0
H36399,H,300.8,311.1,1450,24.8,5,1,0,0,0,0,0
L50398,L,300.6,309.6,1326,53.6,66,1,0,0,0,0,0
L50317,L,300.4,309.9,1394,49.5,72,1,0,0,0,0,0
M19950,M,303.9,313.2,1488,44.8,199,1,0,0,0,0,0
L57005,L,298.4,309.3,1388,32.4,194,1,0,0,0,0,0
L52284,L,304,313.1,1408,47.4,0,1,0,0,0,0,0
L53963,L,301.3,310.8,1450,43.8,197,1,0,0,0,0,0
L48203,L,295.5,306,1423,45.3,166,1,0,0,0,0,0
M19851,M,303.9,313,1475,30.5,11,1,0,0,0,0,0
L51901,L,303.4,311.8,1927,45.3,195,1,0,0,0,0,0
L50450,L,301.3,310.1,1496,38.5,205,1,0,0,0,0,0
H34804,H,302.8,312.3,1483,47.2,200,1,0,0,0,0,0
L55909,L,297.3,308.6,1526,41.7,9,1,0,0,0,0,0
H30686,H,298,309.4,1562,45.5,58,1,0,0,0,0,0
L53126,L,300.7,310.8,1446,43.3,90,1,0,0,0,0,0
L54450,L,300.2,310.1,1455,44,42,1,0,0,0,0,0
L53041,L,301.3,311,1721,28.7,84,1,0,0,0,0,0
L56674,L,299.2,309.9,1526,41.4,219,1,0,0,0,0,0
L53830,L,301.6,310.9,1429,47.6,15,1,0,0,0,0,0
L55757,L,297.6,308.3,1610,34,139,1,0,0,0,0,0
L50477,L,301.2,310.3,1623,29.9,110,1,0,0,0,0,0
L48302,L,296.6,307.6,1547,40.2,98,1,0,0,0,0,0
L50552,L,301.4,310.8,1529,42.4,148,1,0,0,0,0,0
L55223,L,300.7,311.9,1486,42.9,74,1,0,0,0,0,0
L56225,L,297.4,308.3,1603,34.6,65,1,0,0,0,0,0
L55694,L,298.3,309.4,1546,34.7,170,1,0,0,0,0,0
L52041,L,303.5,312.3,1574,35.7,112,1,0,0,0,0,0
L54261,L,300.7,310.5,1366,52.6,205,1,0,0,0,0,0
L56250,L,297.2,308.1,1452,45.5,146,1,0,0,0,0,0
L55197,L,301,312,1518,39.3,168,1,0,0,0,0,0
L49082,L,298,307.6,1694,29.1,130,1,0,0,0,0,0
L56411,L,298.2,309.1,1539,35.3,100,1,0,0,0,0,0
L49956,L,300.4,309.1,1453,47.6,28,1,0,0,0,0,0
L53894,L,301.3,310.6,1522,35.5,90,1,0,0,0,0,0
L47892,L,297.5,308.6,1445,46.5,170,1,0,0,0,0,0
L56498,L,298.3,309.4,1526,38.1,141,1,0,0,0,0,0
L54755,L,300.4,311.3,1766,24,162,1,0,0,0,0,0
L51651,L,302.7,310.4,1589,36.4,10,1,0,0,0,0,0
L55162,L,301,312.3,1488,37,107,1,0,0,0,0,0
L55748,L,298.6,308.4,1691,42.4,196,1,0,0,0,0,0
L50992,L,302,310.6,1499,37.3,81,1,0,0,0,0,0
L53041,L,301.3,311,1442,49.7,84,1,0,0,0,0,0
L56791,L,299,310.2,1496,40,87,1,0,0,0,0,0
L49216,L,299,308.9,1437,48.3,24,1,0,0,0,0,0
L50797,L,301.7,311.1,1656,29.4,12,1,0,0,0,0,0
L52833,L,302.3,311.7,1395,55.6,215,1,0,0,0,0,0
H32870,H,301.4,310.4,1590,36.6,150,1,0,0,0,0,0
L50241,L,300.1,309.1,1553,38.7,86,1,0,0,0,0,0
L57071,L,298.8,309.8,1449,40.4,101,1,0,0,0,0,0
M17686,M,300.3,309.4,1515,42.2,150,1,0,0,0,0,0
L49528,L,299.3,308.4,1436,41.8,28,1,0,0,0,0,0
H39392,H,298.9,308.3,1790,30.3,181,1,0,0,0,0,0
L53418,L,301.3,310.8,1479,45.3,164,1,0,0,0,0,0
L52006,L,303.4,311.8,1692,28.3,18,1,0,0,0,0,0
L53270,L,300.9,310.8,1708,26.5,14,1,0,0,0,0,0
H30339,H,295.6,306.2,1629,28.5,126,1,0,0,0,0,0
L56306,L,297.4,308.5,1477,40.7,59,1,0,0,0,0,0
L55791,L,297.5,308.5,1443,45.5,166,1,0,0,0,0,0
H36507,H,300.8,310,2093,19.2,12,1,0,0,0,0,0
M24071,M,298,309.1,1465,49.1,85,1,0,0,0,0,0
L53987,L,301,310.8,1549,40,121,1,0,0,0,0,0
L55052,L,300.6,312.3,1532,37.9,54,1,0,0,0,0,0
M16073,M,296.8,307.9,1376,50,120,1,0,0,0,0,0
L56276,L,297.2,308.1,1445,37.4,98,1,0,0,0,0,0
M24620,M,298.5,309.6,1523,35.8,2,1,0,0,0,0,0
L47375,L,298.3,308.6,1637,32.6,89,1,0,0,0,0,0
L50655,L,301.8,309.6,1867,21.9,88,1,0,0,0,0,0
H35397,H,300.7,310.8,1441,44.5,188,1,0,0,0,0,0
L53978,L,301.2,310.6,1369,54.2,98,1,0,0,0,0,0
L50602,L,301.5,310.4,1430,44.9,151,1,0,0,0,0,0
L53419,L,301.1,310.7,1457,41.6,107,1,0,0,0,0,0
M22332,M,300.3,311.6,1525,33.3,119,1,0,0,0,0,0
L49665,L,298.8,308.5,1593,34.8,139,1,0,0,0,0,0
L47902,L,297.5,308.9,1427,44.7,17,1,0,0,0,0,0
H31036,H,297.7,307.6,1538,38.3,7,1,0,0,0,0,0
L54138,L,300.7,311,1546,39.7,87,1,0,0,0,0,0
L47389,L,298.4,308.6,1407,44.1,171,1,0,0,0,0,0
M21464,M,301.5,310.6,1743,28.3,24,1,0,0,0,0,0
L57133,L,298.1,307.9,1453,45.3,119,1,0,0,0,0,0
L55892,L,297.2,308,1536,32.1,52,1,0,0,0,0,0
H30001,H,297.6,309.5,1610,33.1,224,1,0,0,0,0,0
L56446,L,298.2,308.9,1436,45.5,26,1,0,0,0,0,0
L53430,L,300.8,310.2,1520,37.7,13,1,0,0,0,0,0
M19249,M,302,310.1,1512,39.7,0,1,0,0,0,0,0
L55452,L,298.9,310.6,1460,45.4,173,1,0,0,0,0,0
L50950,L,302.3,311,1528,31,190,1,0,0,0,0,0
M21319,M,300.4,310,1620,35.2,90,1,0,0,0,0,0
L53445,L,300.8,310.3,1383,46.6,21,1,0,0,0,0,0
L49088,L,297.9,307.6,1381,36,13,1,0,0,0,0,0
L49185,L,298.5,308.3,1393,48.1,20,1,0,0,0,0,0
H32655,H,300.9,309.6,1356,45.8,126,1,0,0,0,0,0
H33276,H,302.4,311.4,1609,32.6,209,1,0,0,0,0,0
L53941,L,301.3,310.8,1715,28.7,2,1,0,0,0,0,0
L49145,L,297.8,307.5,1581,33.1,146,1,0,0,0,0,0
L50393,L,300.4,309.2,1480,34.5,52,1,0,0,0,0,0
M18563,M,302.2,311.2,1354,50.5,15,1,0,0,0,0,0
M21085,M,301,311,1465,41.9,131,1,0,0,0,0,0
L49997,L,300.2,309.5,1550,36.8,129,1,0,0,0,0,0
L51769,L,302.8,311.1,1520,38.5,87,1,0,0,0,0,0
M16938,M,299.4,309.1,1343,55.6,9,1,0,0,0,0,0
M19525,M,303.3,311.4,1596,37.4,175,1,0,0,0,0,0
H34229,H,303.6,312.1,1551,33.2,122,1,0,0,0,0,0
L54676,L,300.3,311.8,1431,37.5,0,1,0,0,0,0,0
L54269,L,300.6,310.2,1622,33,3,1,0,0,0,0,0
L48855,L,298.2,307.7,1827,27,59,1,0,0,0,0,0
M16342,M,298.1,309.1,1452,42.8,150,1,0,0,0,0,0
L50317,L,300.4,309.9,1666,29.7,38,1,0,0,0,0,0
L54093,L,300.8,311.2,1481,38.5,181,1,0,0,0,0,0
H35511,H,300.9,310.8,1477,39,31,1,0,0,0,0,0
L49196,L,298.6,308.4,1597,34.3,38,1,0,0,0,0,0
L48984,L,298.1,307.7,1549,37.6,111,1,0,0,0,0,0
L55526,L,298.7,309.7,1601,35.7,33,1,0,0,0,0,0
L48631,L,298.9,310.4,1630,41.6,166,1,0,0,0,0,0
L48969,L,298,307.9,1403,44.5,140,1,0,0,0,0,0
L55047,L,300.5,311.9,1471,49.9,49,1,0,0,0,0,0
L55384,L,299.3,310.8,1560,38.8,10,1,0,0,0,0,0
L50776,L,301.7,310.5,1329,51.1,169,1,0,0,0,0,0
L55111,L,300.7,311.6,1415,55,205,1,0,0,0,0,0
H38867,H,298,308.8,1696,27.2,107,1,0,0,0,0,0
H31219,H,298.1,307.7,1376,56.2,15,1,0,0,0,0,0
L54374,L,300.1,310.1,1455,43.4,96,1,0,0,0,0,0
L48951,L,298.4,308.6,1430,45.8,23,1,0,0,0,0,0
L49890,L,299.9,309.4,1407,42.1,123,1,0,0,0,0,0
L54973,L,300.1,311.4,1434,40.8,80,1,0,0,0,0,0
L49855,L,299.8,309.3,1479,43.2,98,1,0,0,0,0,0
L56924,L,298.9,309.8,1483,47.7,196,1,0,0,0,0,0
M17647,M,300.4,309.6,1427,47.6,64,1,0,0,0,0,0
L50310,L,300.1,309.5,1471,44.7,54,1,0,0,0,0,0
M23854,M,297.1,307.9,1641,31.3,159,1,0,0,0,0,0
L52764,L,302.4,311.9,1578,29.9,33,1,0,0,0,0,0
M17209,M,299.3,308.5,1642,35.2,30,1,0,0,0,0,0
L53562,L,300.1,309.7,1394,48.6,102,1,0,0,0,0,0
H37575,H,300.2,311.7,1756,26.8,37,1,0,0,0,0,0
M15847,M,296.3,307.1,1534,41.2,189,1,0,0,0,0,0
L49905,L,299.7,309.4,1499,34.8,122,1,0,0,0,0,0
L56733,L,299.3,310.8,1495,48.1,139,1,0,0,0,0,0
M18575,M,302.4,311.1,1475,45.2,46,1,0,0,0,0,0
L56773,L,299.1,310.2,1560,37.8,39,1,0,0,0,0,0
M22239,M,299.6,310.1,1357,32.9,96,1,0,0,0,0,0
L48448,L,298,309.5,1498,37.5,46,1,0,0,0,0,0
L54452,L,300.2,310.3,1353,52.7,40,1,0,0,0,0,0
M22518,M,300.4,311.6,1359,50,160,1,0,0,0,0,0
M20596,M,302.2,312,1363,47.8,204,1,0,0,0,0,0
L55190,L,300.8,311.8,1323,61.1,24,1,0,0,0,0,0
M17690,M,300.4,309.3,1411,41.6,204,1,0,0,0,0,0
M21213,M,300,309.6,1462,51.1,29,1,0,0,0,0,0
M24400,M,299.4,310.8,1620,40.2,111,1,0,0,0,0,0
L53445,L,300.8,310.3,1578,32.6,19,1,0,0,0,0,0
L49123,L,298.3,308,1498,36.2,46,1,0,0,0,0,0
L55255,L,300.4,312,1662,29.5,117,1,0,0,0,0,0
L50534,L,301.5,310.9,1559,43,191,1,0,0,0,0,0
M21656,M,301.3,310.6,1437,41.1,89,1,0,0,0,0,0
L56266,L,297.1,307.8,1540,36.1,179,1,0,0,0,0,0
M19597,M,303.4,311.8,1510,38.5,197,1,0,0,0,0,0
L48282,L,296.8,307.4,1347,54.8,43,1,0,0,0,0,0
M21046,M,301,310.9,1557,37.6,30,1,0,0,0,0,0
H34166,H,303.3,312.2,1393,44.6,38,1,0,0,0,0,0
L56777,L,298.9,310.1,1390,55.1,52,1,0,0,0,0,0
H36666,H,300.2,310.4,1701,24.4,212,1,0,0,0,0,0
L49571,L,299.1,308.4,1427,52.1,124,1,0,0,0,0,0
L51248,L,301.9,310.7,1802,48.8,78,1,0,0,0,0,0
M16895,M,298,308.3,1769,24.8,59,1,0,0,0,0,0
L53866,L,301.5,311,1353,49.7,133,1,0,0,0,0,0
L55560,L,298.6,309.5,1546,43.2,5,1,0,0,0,0,0
L48589,L,298.9,309.8,1635,34.5,187,1,0,0,0,0,0
M24422,M,299.7,311,1384,53,131,1,0,0,0,0,0
M20227,M,303.1,312.4,1618,32.7,157,1,0,0,0,0,0
L54540,L,299.7,310.2,1676,27.2,185,1,0,0,0,0,0
L48818,L,297.9,307.8,1725,27.6,104,1,0,0,0,0,0
L49372,L,299.7,309.1,1615,32.6,72,1,0,0,0,0,0
L51969,L,303.8,312.7,1416,51.2,155,1,0,0,0,0,0
L55469,L,298.9,310.6,1248,52.8,12,1,0,0,0,0,0
L50688,L,301.6,310.6,1414,47.6,198,1,0,0,0,0,0
L53413,L,301.3,310.9,1467,37.1,153,1,0,0,0,0,0
L53827,L,301.5,310.5,1555,37.5,149,1,0,0,0,0,0
H36354,H,300.8,311.4,1350,58.5,42,1,0,0,0,0,0
L56551,L,297.7,308.4,1675,31.8,82,1,0,0,0,0,0
L54250,L,300.7,310.7,1453,47.2,177,1,0,0,0,0,0
H30688,H,298.1,309.5,1663,32.8,91,1,0,0,0,0,0
H30492,H,296.2,306.8,1314,54.9,143,1,0,0,0,0,0
M15835,M,296,306.6,1509,41.4,9,1,0,0,0,0,0
L53779,L,301.7,310.7,1664,28.5,24,1,0,0,0,0,0
M20875,M,300.8,310.8,1358,45,7,1,0,0,0,0,0
H31063,H,298,307.9,1426,37.8,65,1,0,0,0,0,0
L48892,L,298.3,307.9,1341,52.4,166,1,0,0,0,0,0
L53952,L,301.3,310.6,1536,42.2,31,1,0,0,0,0,0
M18334,M,301.9,310.8,1443,46.5,65,1,0,0,0,0,0
L56700,L,299,310.2,1471,50.1,59,1,0,0,0,0,0
M19579,M,303,311.2,1496,45.5,178,1,0,0,0,0,0
H38884,H,298.6,309.4,1636,31.1,151,1,0,0,0,0,0
L54994,L,299.8,311.3,1368,53.6,139,1,0,0,0,0,0
L47567,L,297.4,308.7,1489,42.4,143,1,0,0,0,0,0
L50627,L,301.7,310.6,1403,44.5,84,1,0,0,0,0,0
H38499,H,297.1,307.9,1384,49.4,174,1,0,0,0,0,0
M20841,M,300.7,310.7,1388,50.1,183,1,0,0,0,0,0
H37831,H,298.9,310.5,1442,43.7,136,1,0,0,0,0,0
L49913,L,299.8,309.3,1399,50.4,168,1,0,0,0,0,0
H33243,H,302.2,310.7,1413,41,130,1,0,0,0,0,0
L54107,L,301.1,311.7,1488,43.4,129,1,0,0,0,0,0
H30096,H,297.9,309.1,1723,27.5,57,1,0,0,0,0,0
L56759,L,299.5,310.7,1603,31.6,59,1,0,0,0,0,0
L57110,L,298.3,308.3,1425,50.8,61,1,0,0,0,0,0
L49990,L,299.9,309.1,1561,34.9,113,1,0,0,0,0,0
L48486,L,298.8,310,1537,41.4,190,1,0,0,0,0,0
L51651,L,302.8,310.6,1641,29.1,2,1,0,0,0,0,0
L53597,L,300.3,310,1739,30.4,208,1,0,0,0,0,0
M23357,M,298.3,309.4,1491,42.1,158,1,0,0,0,0,0
L52127,L,303.7,312.7,1395,54.3,123,1,0,0,0,0,0
L49551,L,299.3,308.5,1449,51.2,92,1,0,0,0,0,0
M20902,M,301,310.9,1457,43.8,98,1,0,0,0,0,0
M18581,M,302.2,311.2,1495,43.6,63,1,0,0,0,0,0
H37437,H,300.5,311.9,1549,37.7,56,1,0,0,0,0,0
L53636,L,300.7,310.2,1387,47.7,83,1,0,0,0,0,0
M19253,M,302.2,310.1,1572,34.6,57,1,0,0,0,0,0
L53182,L,300.5,310.3,1651,27.6,8,1,0,0,0,0,0
L47805,L,298.3,310.1,2034,41.4,92,1,0,0,0,0,0
L55806,L,297.4,308.6,1481,40.7,124,1,0,0,0,0,0
L47296,L,298.9,308.6,1564,34.1,179,1,0,0,0,0,0
L56642,L,298.9,310.5,1512,34.1,134,1,0,0,0,0,0
M19393,M,302.4,310.3,1720,27.4,161,1,0,0,0,0,0
L55293,L,300.2,311.6,1448,55.6,181,1,0,0,0,0,0
H30625,H,296.9,308,1416,46.9,179,1,0,0,0,0,0
M20998,M,300.8,311,1469,40,209,1,0,0,0,0,0
L54415,L,299.8,310,1510,40.6,167,1,0,0,0,0,0
L49359,L,299.6,309.2,1601,40.4,101,1,0,0,0,0,0
L53752,L,301.5,310.6,1545,35.2,114,1,0,0,0,0,0
H39384,H,298.5,308.2,1891,24.6,168,1,0,0,0,0,0
L51766,L,302.8,310.9,1395,48.3,100,1,0,0,0,0,0
H32547,H,300.5,309.6,1641,49.2,192,1,0,0,0,0,0
L53258,L,300.8,310.7,1461,41.2,199,1,0,0,0,0,0
L53337,L,301.1,311.2,1558,29.6,186,1,0,0,0,0,0
L52715,L,302.4,311.7,1520,38.1,127,1,0,0,0,0,0
M20616,M,302,311.5,1366,39.9,54,1,0,0,0,0,0
L54272,L,300.7,310.2,1493,35.9,20,1,0,0,0,0,0
L52326,L,304.4,313.6,1625,32,9,1,0,0,0,0,0
L53466,L,301.1,310.6,1611,47.2,70,1,0,0,0,0,0
L50621,L,301.4,310.4,1648,34.4,64,1,0,0,0,0,0
M15958,M,297,307.4,1408,46.8,202,1,0,0,0,0,0
M19013,M,302,310.5,1560,39.4,112,1,0,0,0,0,0
M17183,M,299.2,308.8,1429,47,201,1,0,0,0,0,0
L55045,L,300.5,311.9,1392,53.3,35,1,0,0,0,0,0
L49087,L,297.9,307.6,1880,23.4,180,1,0,0,0,0,0
L49794,L,299.4,309.1,1433,47.8,62,1,0,0,0,0,0
H30169,H,296.8,308.8,1439,50.3,222,1,0,0,0,0,0
L50391,L,300.3,309.2,1431,40.4,48,1,0,0,0,0,0
L47805,L,297.5,310.1,1512,34.2,92,1,0,0,0,0,0
L48230,L,296.8,307.4,1385,42,113,1,0,0,0,0,0
L54380,L,300,309.9,1404,51.3,203,1,0,0,0,0,0
M22031,M,299.8,310.2,1438,39.4,7,1,0,0,0,0,0
H36801,H,300.4,311.6,1376,50.3,187,1,0,0,0,0,0
L54759,L,300.4,311.2,1488,46.8,114,1,0,0,0,0,0
L51501,L,301.7,309.8,1588,33.9,57,1,0,0,0,0,0
L54274,L,300.6,310.2,1522,35.7,17,1,0,0,0,0,0
L54325,L,300.5,310,1413,45.2,168,1,0,0,0,0,0
M20085,M,303.7,313.1,1551,36.8,7,1,0,0,0,0,0
L54673,L,300.2,311.7,1646,31.9,173,1,0,0,0,0,0
L48638,L,299,310.3,1364,48,87,1,0,0,0,0,0
L55858,L,297.4,308.5,1336,51.2,188,1,0,0,0,0,0
L56548,L,297.7,308.4,1472,39,0,1,0,0,0,0,0
L49051,L,298.3,308.1,1531,43.7,88,1,0,0,0,0,0
L47982,L,296.9,307.8,1433,44.8,162,1,0,0,0,0,0
L54261,L,300.7,310.4,1543,41.7,205,1,0,0,0,0,0
M20715,M,301.4,311,1756,26.3,68,1,0,0,0,0,0
L55936,L,297.5,308.6,1444,41.2,64,1,0,0,0,0,0
L56256,L,297.2,308.1,1562,36,152,1,0,0,0,0,0
M24783,M,298.5,309.4,1548,35.5,33,1,0,0,0,0,0
M15774,M,295.4,305.9,1509,40.6,179,1,0,0,0,0,0
M23620,M,297.4,308.7,1438,46.4,174,1,0,0,0,0,0
H38245,H,297.4,308.7,1726,26.8,84,1,0,0,0,0,0
L56791,L,299,310.1,1478,39.3,59,1,0,0,0,0,0
L55336,L,299,310.5,1392,56.8,26,1,0,0,0,0,0
L50558,L,301.4,310.7,1443,54.6,39,1,0,0,0,0,0
L56258,L,297.3,308.1,1568,33,158,1,0,0,0,0,0
M21201,M,300.4,309.8,1484,36.4,96,1,0,0,0,0,0
L57064,L,298.8,309.7,1673,30.8,179,1,0,0,0,0,0
L48512,L,298.7,310.2,1459,43.7,85,1,0,0,0,0,0
L57174,L,298.8,308.3,1408,45.2,22,1,0,0,0,0,0
M21046,M,301.1,311,1413,50.8,177,1,0,0,0,0,0
L54275,L,300.6,310.1,1485,38.6,19,1,0,0,0,0,0
M16396,M,298.2,308.9,1626,28.2,75,1,0,0,0,0,0
L56334,L,297.5,308.6,1596,36,124,1,0,0,0,0,0
L49197,L,298.7,308.5,1614,42.5,46,1,0,0,0,0,0
L49642,L,298.9,308.6,1457,52.3,166,1,0,0,0,0,0
M18691,M,302.3,310.9,1742,29.7,96,1,0,0,0,0,0
L50084,L,300.6,309.4,2496,35,111,1,0,0,0,0,0
L48328,L,297.1,307.9,1348,58,173,1,0,0,0,0,0
L56275,L,297.1,308.1,1584,29.7,202,1,0,0,0,0,0
L54671,L,300.4,311.8,1320,54.1,168,1,0,0,0,0,0
L54221,L,300.6,310.5,1470,37.7,168,1,0,0,0,0,0
L54800,L,300.5,311.6,1641,28.8,65,1,0,0,0,0,0
L49551,L,299.3,308.4,1604,34.7,91,1,0,0,0,0,0
L51053,L,302.6,311.8,1386,45.7,180,1,0,0,0,0,0
L49473,L,299.5,308.8,1520,38.3,122,1,0,0,0,0,0
M23167,M,298.7,310.1,1425,38.7,127,1,0,0,0,0,0
L54037,L,301,311.2,1706,29.8,24,1,0,0,0,0,0
H39052,H,298.3,308.1,1552,32.3,124,1,0,0,0,0,0
L49864,L,299.8,309.4,1639,27,25,1,0,0,0,0,0
L51717,L,302.5,310.5,1515,35.3,170,1,0,0,0,0,0
L54202,L,300.7,310.5,1561,33.2,79,1,0,0,0,0,0
L52673,L,302.8,312.2,1852,21.8,142,1,0,0,0,0,0
H35798,H,300,309.6,1553,40.5,123,1,0,0,0,0,0
L55295,L,300.4,311.8,1457,37.2,10,1,0,0,0,0,0
H32148,H,299.8,309.2,1572,30.7,158,1,0,0,0,0,0
L54779,L,300.5,311.1,1472,40,76,1,0,0,0,0,0
L55479,L,298.7,310,1533,31.8,124,1,0,0,0,0,0
L52638,L,303.1,312.6,1486,42.1,138,1,0,0,0,0,0
L54255,L,300.7,310.5,1521,39,59,1,0,0,0,0,0
L54160,L,300.7,311.1,1439,39.7,102,1,0,0,0,0,0
M18493,M,302.2,311.3,1521,45,119,1,0,0,0,0,0
M23895,M,297.4,308.1,1731,27.7,42,1,0,0,0,0,0
M19160,M,301.7,310.6,1455,48,57,1,0,0,0,0,0
L56887,L,298.9,310,1447,39.9,121,1,0,0,0,0,0
L56261,L,297.3,308,1641,32.6,98,1,0,0,0,0,0
H37134,H,300.2,311.6,1545,37.7,97,1,0,0,0,0,0
L49643,L,298.9,308.5,1329,53.4,119,1,0,0,0,0,0
L47438,L,298,308.4,1456,50.4,5,1,0,0,0,0,0
L54897,L,300.5,311.5,1545,35.1,80,1,0,0,0,0,0
L56255,L,297.3,308.1,1506,40.1,150,1,0,0,0,0,0
L49931,L,299.7,309.1,1378,51.1,187,1,0,0,0,0,0
L53962,L,301.3,310.7,1542,34.7,9,1,0,0,0,0,0
M21831,M,300.7,311,1891,22.1,121,1,0,0,0,0,0
L49364,L,299.8,309.4,1630,33.6,51,1,0,0,0,0,0
L55550,L,298.6,309.8,1461,40.7,9,1,0,0,0,0,0
M19462,M,303,311,1411,45.7,120,1,0,0,0,0,0
L51657,L,302.6,310.3,1447,46.8,10,1,0,0,0,0,0
L48363,L,297.3,308.4,1513,38.4,192,1,0,0,0,0,0
M20024,M,304.1,313.1,1558,31.1,53,1,0,0,0,0,0
L47351,L,298.2,308.3,1477,40.7,27,1,0,0,0,0,0
M19219,M,302.1,310,1624,28.2,39,1,0,0,0,0,0
H30141,H,297.3,308.6,1390,48.4,197,1,0,0,0,0,0
L53860,L,301.6,310.7,1694,29.3,74,1,0,0,0,0,0
L55647,L,298.6,310.6,1519,40.7,73,1,0,0,0,0,0
M22422,M,300.3,311.1,1727,28.5,130,1,0,0,0,0,0
M19782,M,303.5,312,1499,38.9,12,1,0,0,0,0,0
L53768,L,301.5,310.6,1399,46.1,213,1,0,0,0,0,0
L53342,L,300.8,310.8,1558,34.9,196,1,0,0,0,0,0
L48515,L,299,310.4,1577,32.4,228,1,0,0,0,0,0
M16718,M,298.1,307.4,1488,36.1,57,1,0,0,0,0,0
L47396,L,298.3,308.6,1499,38.3,16,1,0,0,0,0,0
L54558,L,299.6,310.1,1488,41.1,94,1,0,0,0,0,0
H38694,H,298.2,308.9,1706,28.6,53,1,0,0,0,0,0
L52006,L,303.4,311.8,1592,29,146,1,0,0,0,0,0
M20655,M,302.3,311.4,1465,39.9,153,1,0,0,0,0,0
L55306,L,300.2,311.4,1877,19.3,31,1,0,0,0,0,0
L52815,L,302.5,312,1638,36.4,173,1,0,0,0,0,0
L47953,L,296.8,308,1544,37.5,64,1,0,0,0,0,0
M16796,M,298.1,308,1567,35,119,1,0,0,0,0,0
M17657,M,300.3,309.5,1428,40.2,82,1,0,0,0,0,0
L50017,L,300.3,309.1,1451,39,98,1,0,0,0,0,0
L49464,L,299.3,308.7,1432,49.9,197,1,0,0,0,0,0
L50720,L,301.8,311,1463,31.4,27,1,0,0,0,0,0
L49655,L,298.9,308.5,1563,34.1,125,1,0,0,0,0,0
L53270,L,300.9,310.8,1615,29.1,14,1,0,0,0,0,0
M20209,M,303.7,312.7,1642,34.3,104,1,0,0,0,0,0
L50202,L,300.5,309.8,1760,30.6,213,1,0,0,0,0,0
M19720,M,303.6,312.3,1526,42,9,1,0,0,0,0,0
M15568,M,297.6,308.8,1457,44.4,101,1,0,0,0,0,0
L56532,L,298.2,308.7,1780,26.9,35,1,0,0,0,0,0
L56423,L,298.3,308.8,1469,38.8,146,1,0,0,0,0,0
L53901,L,301.4,310.7,1454,51.9,139,1,0,0,0,0,0
M18104,M,301,309.7,1488,48,135,1,0,0,0,0,0
L47988,L,296.9,307.7,1455,39.5,120,1,0,0,0,0,0
L52324,L,304.4,313.6,1607,33.5,5,1,0,0,0,0,0
L48520,L,298.7,310.2,1408,42.3,10,1,0,0,0,0,0
L55705,L,298.3,309.4,1551,35.8,119,1,0,0,0,0,0
L47988,L,296.9,307.7,1483,43.3,7,1,0,0,0,0,0
L47520,L,297.4,308.3,1441,43,204,1,0,0,0,0,0
L49054,L,298.4,308.1,1603,38.5,153,1,0,0,0,0,0
M19416,M,302.7,310.6,1662,34.1,6,1,0,0,0,0,0
M15775,M,295.6,305.9,1399,54.6,181,1,0,0,0,0,0
L48497,L,299,310.3,1428,51.1,175,1,0,0,0,0,0
M16262,M,299,310.1,1433,48.8,68,1,0,0,0,0,0
L50086,L,300.6,309.4,1858,23.6,115,1,0,0,0,0,0
L56866,L,299.1,310.1,1486,48.1,44,1,0,0,0,0,0
L47927,L,296.9,308,1548,37.3,61,1,0,0,0,0,0
L49479,L,299.4,308.7,1398,43.9,74,1,0,0,0,0,0
L54367,L,300.4,310.5,1525,39.6,44,1,0,0,0,0,0
M18592,M,302.3,311.1,1452,50.6,94,1,0,0,0,0,0
M21468,M,301.5,310.6,1593,48.9,50,1,0,0,0,0,0
L56926,L,298.8,310.1,1540,44.1,109,1,0,0,0,0,0
L52162,L,303.7,313,1507,37.7,209,1,0,0,0,0,0
L54781,L,300.4,311.2,1495,32,18,1,0,0,0,0,0
M20552,M,302.3,311.8,1523,37.3,185,1,0,0,0,0,0
L48328,L,297.1,308,1556,36.3,162,1,0,0,0,0,0
L49629,L,299.2,308.4,1673,33.9,89,1,0,0,0,0,0
L55391,L,299.2,310.6,1731,28.8,108,1,0,0,0,0,0
L49935,L,299.7,309.2,1465,46.5,5,1,0,0,0,0,0
L49787,L,299.4,309.2,1523,38.8,44,1,0,0,0,0,0
L47410,L,298.3,308.5,1570,34.8,47,1,0,0,0,0,0
L49052,L,298.1,307.4,1268,52.8,86,1,0,0,0,0,0
L54011,L,301.1,311,1511,36.6,183,1,0,0,0,0,0
L52432,L,303.5,313,1415,53.9,90,1,0,0,0,0,0
M19299,M,302.4,310.2,1445,55.8,143,1,0,0,0,0,1
L55975,L,298.4,308.3,1535,38.8,59,1,0,0,0,0,0
M21264,M,300.2,309.8,1183,61.4,170,1,0,0,0,0,0
L48781,L,297.8,308.1,1606,33.7,11,1,0,0,0,0,0
M15004,M,298.6,308.4,1391,42.4,139,1,0,0,0,0,0
L55774,L,297.4,308.4,1355,45.9,180,1,0,0,0,0,0
M20734,M,301.5,311.1,1660,36.9,115,1,0,0,0,0,0
L53429,L,300.8,310.2,1639,31.1,168,1,0,0,0,0,0
L56610,L,298.1,308.7,1472,43,41,1,0,0,0,0,0
L55897,L,297.1,308.6,1444,42.1,64,1,0,0,0,0,0
L55237,L,300.2,311.5,1549,37.2,0,1,0,0,0,0,0
M22929,M,300.5,311.9,1546,33.5,100,1,0,0,0,0,0
L52927,L,301.8,311.2,1555,42.5,160,1,0,0,0,0,0
L47349,L,298.4,308.3,1471,47.7,22,1,0,0,0,0,0
L55273,L,300.2,311.6,1511,30.9,160,1,0,0,0,0,0
L54256,L,300.6,310.5,1518,38.7,199,1,0,0,0,0,0
L48887,L,298.2,307.7,1439,35,62,1,0,0,0,0,0
L53706,L,301.2,310.4,1515,38.4,48,1,0,0,0,0,0
L54723,L,300.3,311.5,1446,43.8,82,1,0,0,0,0,0
M20901,M,300.8,311,1418,40,106,1,0,0,0,0,0
L55040,L,300.5,312,1447,44.6,23,1,0,0,0,0,0
L54666,L,300.3,311.7,1687,29.1,156,1,0,0,0,0,0
L55952,L,297.3,308.4,1444,39,0,1,0,0,0,0,0
L54469,L,300.2,310.4,1433,39.9,109,1,0,0,0,0,0
L48365,L,297.3,308.4,1430,46.5,171,1,0,0,0,0,0
L54958,L,300.1,311.5,1431,43.8,47,1,0,0,0,0,0
L54769,L,300.4,311,1605,33,197,1,0,0,0,0,0
L48515,L,298.7,310.1,1630,32.4,168,1,0,0,0,0,0
L56774,L,299.1,310.3,1495,39.9,43,1,0,0,0,0,0
M18971,M,302,310.9,1406,43.4,0,1,0,0,0,0,0
L49772,L,298.9,308.6,1326,53.3,4,1,0,0,0,0,0
L53204,L,301.5,311,1546,36,66,1,0,0,0,0,0
L50755,L,301.7,310.5,1479,41,119,1,0,0,0,0,0
L47859,L,297.7,309.2,1372,50,74,1,0,0,0,0,0
M18790,M,302.3,311.6,1522,40.1,37,1,0,0,0,0,0
L53868,L,301.7,311,1488,40.3,21,1,0,0,0,0,0
L53415,L,301.3,310.9,1596,41.7,157,1,0,0,0,0,0
L55637,L,298.5,309.9,1348,57.9,0,1,0,0,0,0,0
L56480,L,298.3,309.1,1367,41.9,113,1,0,0,0,0,0
L55403,L,299.1,310.5,1445,54.9,58,1,0,0,0,0,0
L48721,L,298.4,309,1332,52.7,89,1,0,0,0,0,0
L53531,L,300,309.6,1542,47.1,25,1,0,0,0,0,0
M14923,M,298.9,309,1351,58.8,9,1,0,0,0,0,0
L48449,L,298.1,309.5,1626,41.8,64,1,0,0,0,0,0
L47805,L,298.3,310.1,1623,34.3,90,1,0,0,0,0,0
M22136,M,300.2,310.3,1418,46.5,50,1,0,0,0,0,0
M19066,M,302.3,310.8,1721,28.4,47,1,0,0,0,0,0
L55169,L,301.1,312.4,1680,33.9,124,1,0,0,0,0,0
L56584,L,298,308.3,1458,46.1,181,1,0,0,0,0,0
L50722,L,301.8,310.9,1696,30.9,73,1,0,0,0,0,0
M16052,M,297.1,308.3,1369,49.9,170,1,0,0,0,0,0
M19526,M,303.3,311.5,1466,46.2,47,1,0,0,0,0,0
L56591,L,298,308.6,1452,46.7,201,1,0,0,0,0,0
M24776,M,298.9,310.1,1459,40.9,55,1,0,0,0,0,0
L56202,L,297.4,308.3,1597,30.2,11,1,0,0,0,0,0
H31719,H,299.2,308.5,1612,28.9,199,1,0,0,0,0,0
L50479,L,301.3,310.5,1474,44.4,63,1,0,0,0,0,0
L49589,L,299.2,308.8,1563,41.4,190,1,0,0,0,0,0
L54220,L,300.7,310.7,1720,30.3,96,1,0,0,0,0,0
L51974,L,303.6,312.6,1699,27.9,5,1,0,0,0,0,0
M15439,M,297.8,309.8,1418,43.7,200,1,0,0,0,0,0
M19046,M,302.2,311,1671,30.5,176,1,0,0,0,0,0
L55003,L,299.9,311.3,1652,30.5,7,1,0,0,0,0,0
L56680,L,299.2,310.2,1697,33.2,12,1,0,0,0,0,0
M21481,M,301.6,310.5,1861,21.8,84,1,0,0,0,0,0
M15767,M,295.6,306.1,1685,30.4,161,1,0,0,0,0,0
H37051,H,300.5,311.4,1705,27.2,142,1,0,0,0,0,0
M15999,M,297.3,308.1,1630,34.6,37,1,0,0,0,0,0
M18622,M,302.1,311,1535,38.5,156,1,0,0,0,0,0
H31532,H,299.3,308.9,1429,43,98,1,0,0,0,0,0
L52645,L,302.8,312.4,1424,43.5,234,1,0,0,0,0,0
L49496,L,299.2,308.8,1374,55,177,1,0,0,0,0,0
L51634,L,302.4,310.1,1470,40.2,179,1,0,0,0,0,0
L52252,L,304,313,1479,47.5,28,1,0,0,0,0,0
L56111,L,297.4,308.4,1434,39.9,171,1,0,0,0,0,0
M21740,M,300.9,311.3,1374,49.4,100,1,0,0,0,0,0
M24162,M,298.1,308.9,1779,26.4,95,1,0,0,0,0,0
L56392,L,298,308.9,1520,37.9,49,1,0,0,0,0,0
L56756,L,299.6,310.7,1962,20.3,205,1,0,0,0,0,0
L53296,L,300.8,310.9,1557,43.9,84,1,0,0,0,0,0
L54132,L,300.8,311.3,1462,52.4,75,1,0,0,0,0,0
L53196,L,300.5,310.7,1493,38.2,48,1,0,0,0,0,0
L54154,L,300.7,311,1390,48.2,184,1,0,0,0,0,0
L55779,L,297.6,308.4,1537,38.9,195,1,0,0,0,0,0
M15857,M,296.4,307.3,1372,51.6,185,1,0,0,0,0,0
M22252,M,299.7,310.5,1584,40.2,131,1,0,0,0,0,0
M18773,M,302.2,311.3,1532,44.8,41,1,0,0,0,0,0
H35513,H,300.9,310.9,1527,35.8,91,1,0,0,0,0,0
L48836,L,298.2,308.1,1408,47.9,154,1,0,0,0,0,0
L47389,L,298.4,308.6,1616,34.3,122,1,0,0,0,0,0
L53648,L,300.5,309.8,1507,33.3,116,1,0,0,0,0,0
L49956,L,300.1,309.4,1343,53.7,26,1,0,0,0,0,0
L54126,L,300.7,311.2,1761,26.5,56,1,0,0,0,0,0
M20343,M,302.6,312,1501,40.2,200,1,0,0,0,0,0
M17084,M,299.7,309,1609,31,100,1,0,0,0,0,0
L48566,L,298.6,310,1607,33.7,198,1,0,0,0,0,0
L47700,L,297.6,309.6,1740,28.3,42,1,0,0,0,0,0
M18030,M,300.4,309.7,1685,32.3,96,1,0,0,0,0,0
L56016,L,297.4,308.9,1521,36.4,174,1,0,0,0,0,0
L51208,L,302.1,310.9,1465,43.2,220,1,0,0,0,0,0
L57143,L,298.3,307.9,1435,35.2,150,1,0,0,0,0,0
L56685,L,299.2,310.3,1664,28.2,43,1,0,0,0,0,0
L50170,L,300.5,309.6,1559,34.4,135,1,0,0,0,0,0
L47633,L,297.4,308.7,1433,45.1,113,1,0,0,0,0,0
L50995,L,302.2,310.7,1447,43.3,93,1,0,0,0,0,0
H38865,H,298,308.7,1434,39.6,99,1,0,0,0,0,0
L54265,L,300.6,310.3,1488,41,213,1,0,0,0,0,0
L50664,L,301.7,310.8,1507,39,96,1,0,0,0,0,0
L51929,L,303.2,311.2,1453,47.2,31,1,0,0,0,0,0
L50931,L,302.3,311.1,1434,43.7,171,1,0,0,0,0,0
H32647,H,300.8,309.4,1474,41.1,92,1,0,0,0,0,0
L47409,L,298.3,308.5,1447,42.7,173,1,0,0,0,0,0
M24082,M,297.8,309,1823,26,120,1,0,0,0,0,0
M17256,M,299.1,308.5,1592,38.8,153,1,0,0,0,0,0
L55650,L,298.5,309.6,1487,43,123,1,0,0,0,0,0
L56490,L,298.2,309.3,1549,40.8,36,1,0,0,0,0,0
L55983,L,297.4,308.5,1486,40.5,96,1,0,0,0,0,0
M23759,M,297.3,308.3,1439,48.6,0,1,0,0,0,0,0
L47452,L,298.1,308.8,1387,49,124,1,0,0,0,0,0
L48406,L,297.1,308.4,1350,42.5,146,1,0,0,0,0,0
L47370,L,298.2,308.4,1428,46.8,37,1,0,0,0,0,0
M24207,M,298.2,308.9,1520,38.8,23,1,0,0,0,0,0
M20933,M,300.9,310.8,1474,39.2,191,1,0,0,0,0,0
L50766,L,301.9,310.5,1505,47.6,139,1,0,0,0,0,0
L47470,L,298.1,308.4,1392,49,105,1,0,0,0,0,0
L54329,L,300.2,309.9,1445,46.7,185,1,0,0,0,0,0
L51229,L,301.8,310.6,1505,24.8,33,1,0,0,0,0,0
M23722,M,298,309.2,1658,29.7,35,1,0,0,0,0,0
M14869,M,298.1,309.2,1441,47.3,65,1,0,0,0,0,0
M21994,M,300.5,310,1640,29.2,119,1,0,0,0,0,0
L54027,L,301.1,311.3,1522,42.3,60,1,0,0,0,0,0
L47378,L,298.4,308.7,1445,49.7,99,1,0,0,0,0,0
L48245,L,296.8,307.9,1494,37.2,148,1,0,0,0,0,0
L52162,L,303.8,313.1,1573,33.3,209,1,0,0,0,0,0
L50700,L,301.9,311,1495,32.2,191,1,0,0,0,0,0
H39086,H,299,310.2,1470,31.5,0,1,0,0,0,0,0
M17011,M,299.3,308.8,1391,46.1,185,1,0,0,0,0,0
L50322,L,300.6,310,1496,34.7,119,1,0,0,0,0,0
M17609,M,299.3,308.5,1492,41.2,89,1,0,0,0,0,0
L55556,L,298.8,309.8,1334,36.1,42,1,0,0,0,0,0
M23238,M,298.8,309.9,1466,44,61,1,0,0,0,0,0
L47720,L,297.4,309.4,1644,32.8,94,1,0,0,0,0,0
M18591,M,302.2,311.2,1425,43,50,1,0,0,0,0,0
M22253,M,300.7,310.2,1553,37,206,1,0,0,0,0,0
L51357,L,301.9,310.9,1477,39.2,20,1,0,0,0,0,0
L52454,L,303.6,313,1522,35.8,179,1,0,0,0,0,0
L47788,L,298,309.9,1468,39.8,43,1,0,0,0,0,0
L50604,L,301.5,310.5,1593,36.7,155,1,0,0,0,0,0
H31497,H,299.4,309.3,1419,53.5,0,1,0,0,0,0,0
L56531,L,298.3,308.4,1545,36.6,33,1,0,0,0,0,0
L56333,L,297.5,308.6,1396,45.3,139,1,0,0,0,0,0
L50422,L,300.9,309.6,1533,42.4,131,1,0,0,0,0,0
L54211,L,300.6,310.7,1347,53,71,1,0,0,0,0,0
H30669,H,297.5,308.9,1615,30.8,7,1,0,0,0,0,0
M24265,M,298.3,308.1,1542,48.8,148,1,0,0,0,0,0
M18026,M,300.4,309.7,1521,40.3,156,1,0,0,0,0,0
L47217,L,298.8,309.1,1351,53.5,105,1,0,0,0,0,0
L54388,L,299.8,309.7,1477,42.2,94,1,0,0,0,0,0
L49191,L,298.6,308.4,1942,20.4,32,1,0,0,0,0,0
H39180,H,298.6,309.6,1439,47.3,76,1,0,0,0,0,0
L49192,L,298.6,308.4,1554,40.4,34,1,0,0,0,0,0
H30104,H,297.6,309,1420,55.9,196,1,0,0,0,0,0
M20275,M,302.6,312.4,1660,30.6,29,1,0,0,0,0,0
L54255,L,300.7,310.5,1663,35.2,189,1,0,0,0,0,0
M16291,M,298.8,309.9,1336,57.2,20,1,0,0,0,0,0
L54079,L,300.9,311.6,1236,58.4,92,1,0,0,0,0,0
M16541,M,297.8,307.3,1804,26,5,1,0,0,0,0,0
L47891,L,298.1,308.8,1539,33.3,110,1,0,0,0,0,0
L48892,L,298,307.7,1563,37.6,72,1,0,0,0,0,0
L52573,L,302.7,312.2,1668,33.2,232,1,0,0,0,0,0
L49456,L,299.3,308.6,1390,49.4,80,1,0,0,0,0,0
L56162,L,297,307.7,1435,49.1,126,1,0,0,0,0,0
H31146,H,298.4,307.9,1668,30.2,120,1,0,0,0,0,0
L53435,L,301,310.5,1490,38.7,204,1,0,0,0,0,0
L49921,L,299.6,309,1578,35.6,162,1,0,0,0,0,0
L47437,L,298,308,1496,37.9,13,1,0,0,0,0,0
H30970,H,298.3,308.5,1404,46.1,122,1,0,0,0,0,0
L53436,L,301,310.6,1597,36.6,206,1,0,0,0,0,0
L56488,L,298.3,309,1401,45.8,111,1,0,0,0,0,0
L52978,L,301.7,311.2,1413,41.6,137,1,0,0,0,0,0
L48403,L,297,308.3,1492,33.4,137,1,0,0,0,0,0
L54255,L,300.7,310.5,1686,27,192,1,0,0,0,0,0
L53271,L,300.9,310.7,1552,35.3,139,1,0,0,0,0,0
L47758,L,297.7,309.8,1618,36.8,198,1,0,0,0,0,0
L56129,L,297.3,308.1,1492,40.9,148,1,0,0,0,0,0
L49546,L,299.2,308.4,1515,44.7,7,1,0,0,0,0,0
L48983,L,298.1,307.7,1622,31.7,100,1,0,0,0,0,0
L52853,L,302.2,311.5,1462,50,51,1,0,0,0,0,0
L54170,L,300.7,311.1,1708,26.1,165,1,0,0,0,0,0
L51519,L,301.7,309.9,1404,46.6,54,1,0,0,0,0,0
L49278,L,299.4,309.5,1399,47.6,38,1,0,0,0,0,0
L52790,L,303.1,312.4,1405,47.4,107,1,0,0,0,0,0
L54486,L,300.1,310.4,1356,45.8,144,1,0,0,0,0,0
L50992,L,302,310.6,1705,31,84,1,0,0,0,0,0
L51288,L,301.9,310.5,1452,44.2,185,1,0,0,0,0,0
M16979,M,299.4,308.9,1858,24.7,101,1,0,0,0,0,0
L50127,L,300.7,309.5,1670,32.2,23,1,0,0,0,0,0
L55256,L,300.3,311.8,1360,48,85,1,0,0,0,0,0
L52163,L,303.8,313,1488,43.6,18,1,0,0,0,0,0
M15876,M,296.2,307.2,1385,45.8,18,1,0,0,0,0,0
L53540,L,300.1,309.7,1479,41.9,83,1,0,0,0,0,0
H30707,H,299.1,310.2,1365,52.3,155,1,0,0,0,0,0
L49661,L,299,308.7,1812,23.9,94,1,0,0,0,0,0
M16103,M,297.1,308.2,1533,35.2,204,1,0,0,0,0,0
L54358,L,300.2,310.2,1600,31.5,21,1,0,0,0,0,0
L48726,L,298,308.9,1498,38.4,0,1,0,0,0,0,0
M23061,M,299.3,310.9,1826,25.1,26,1,0,0,0,0,0
L47791,L,298.1,310,1497,37.4,49,1,0,0,0,0,0
L49882,L,299.8,309.2,1509,37.5,63,1,0,0,0,0,0
M16067,M,297.2,308.5,1573,42.9,93,1,0,0,0,0,0
M23442,M,297.6,308.1,1559,35.7,156,1,0,0,0,0,0
L54237,L,300.8,310.6,1666,30.6,2,1,0,0,0,0,0
L48789,L,297.8,307.7,1581,31,31,1,0,0,0,0,0
L49856,L,299.7,309.6,1564,36.6,7,1,0,0,0,0,0
M17487,M,299.8,309.6,1346,42.8,95,1,0,0,0,0,0
L54063,L,301,311.3,1511,36.5,107,1,0,0,0,0,0
L56282,L,297.3,308.3,1493,38,5,1,0,0,0,0,0
L49482,L,299.2,308.5,1515,37.8,23,1,0,0,0,0,0
H31393,H,298,307.5,1420,45.8,150,1,0,0,0,0,0
M16698,M,297.8,307.2,1538,36.6,196,1,0,0,0,0,0
L56376,L,298,308.9,1472,43.9,142,1,0,0,0,0,0
L55845,L,297.6,308.7,1567,37.5,143,1,0,0,0,0,0
M17973,M,299.9,309.1,1550,39.8,10,1,0,0,0,0,0
H38593,H,297.8,309.1,1435,44.7,8,1,0,0,0,0,0
L51601,L,302.6,310.2,1906,21.3,54,1,0,0,0,0,0
L56658,L,298.8,309.6,1444,49,196,1,0,0,0,0,0
H32357,H,300.7,309.5,1393,46.4,2,1,0,0,0,0,0
M19857,M,303.7,312.5,1540,37.7,186,1,0,0,0,0,0
L50096,L,300.6,309.5,1411,41.6,140,1,0,0,0,0,0
L52154,L,303.7,312.7,1528,38.7,127,1,0,0,0,0,0
M17815,M,300.7,309.5,1439,43.4,181,1,0,0,0,0,0
M23593,M,297.3,308.7,1447,44.5,33,1,0,0,0,0,0
L49071,L,297.8,307.4,1500,40,137,1,0,0,0,0,0
L56822,L,299.1,310.2,1431,44.2,79,1,0,0,0,0,0
M22004,M,300.4,310,1429,41.8,149,1,0,0,0,0,0
L50093,L,300.7,309.6,1589,34.6,131,1,0,0,0,0,0
L56455,L,298.2,308.7,1505,37.6,175,1,0,0,0,0,0
L47333,L,298.4,308.2,1850,41.8,150,1,0,0,0,0,0
L52661,L,302.8,312.3,1568,36.2,196,1,0,0,0,0,0
M22489,M,300.2,311.4,1552,34.3,87,1,0,0,0,0,0
L57118,L,298.3,308.3,1528,33.9,204,1,0,0,0,0,0
H33139,H,302.3,311.4,1433,37.5,73,1,0,0,0,0,0
M19407,M,302.5,310.4,1448,53.9,171,1,0,0,0,0,0
L49311,L,299.4,309.1,1551,45.4,137,1,0,0,0,0,0
L55488,L,298.7,310.1,1401,45.3,98,1,0,0,0,0,0
L56413,L,298.3,309,1563,35.1,37,1,0,0,0,0,0
M16429,M,298.1,308.2,1565,35.3,183,1,0,0,0,0,0
L55141,L,301,312.2,1507,37.7,57,1,0,0,0,0,0
L54264,L,300.6,310.3,1794,24.3,146,1,0,0,0,0,0
L50216,L,300.5,309.5,1423,44.3,26,1,0,0,0,0,0
L47694,L,297.4,309.2,1420,38.2,28,1,0,0,0,0,0
L49210,L,298.9,308.6,1689,32.9,79,1,0,0,0,0,0
M24414,M,299.3,310.7,1440,45.5,158,1,0,0,0,0,0
L51621,L,302.5,310.3,1531,39.9,174,1,0,0,0,0,0
L51427,L,302.6,311,1609,35.1,97,1,0,0,0,0,0
L49561,L,299.1,308.2,1477,42.6,119,1,0,0,0,0,0
L57005,L,298.4,309.2,1452,42.9,194,1,0,0,0,0,0
L50786,L,301.7,310.6,1494,41,194,1,0,0,0,0,0
M21460,M,301.9,310.6,1453,39.2,39,1,0,0,0,0,0
M15929,M,296.9,307.7,1543,37.4,64,1,0,0,0,0,0
M21414,M,301.4,310.7,1639,44.9,34,1,0,0,0,0,0
L52957,L,301.6,311.1,1889,22.6,114,1,0,0,0,0,0
M15361,M,297.6,309.3,1545,40.7,0,1,0,0,0,0,0
H31412,H,299.4,309.3,1633,32.2,38,1,0,0,0,0,0
M19847,M,303.9,313.2,1657,29,135,1,0,0,0,0,0
M23304,M,298.6,309.9,1544,37.9,9,1,0,0,0,0,0
H34347,H,303.4,312.5,1402,51.9,74,1,0,0,0,0,0
M17778,M,300.2,309.4,1605,34,127,1,0,0,0,0,0
H31541,H,299.3,309,1426,43.5,123,1,0,0,0,0,0
M24721,M,298.7,309.6,1749,26.7,78,1,0,0,0,0,0
H30936,H,298.3,309,1562,30.7,23,1,0,0,0,0,0
L49956,L,300.1,309.4,1455,41.7,28,1,0,0,0,0,0
L47663,L,297.4,309,1406,45.1,157,1,0,0,0,0,0
L50922,L,302.4,311.2,1363,35,68,1,0,0,0,0,0
L53908,L,301.2,310.6,1499,40.4,156,1,0,0,0,0,0
M21740,M,300.9,311.2,1427,43.5,108,1,0,0,0,0,0
L50342,L,300.4,309.9,1465,45.5,148,1,0,0,0,0,0
M18026,M,300.4,309.7,1447,39.7,46,1,0,0,0,0,0
L52027,L,303.4,311.8,1434,42.4,182,1,0,0,0,0,0
L56162,L,297,307.7,1577,34.6,128,1,0,0,0,0,0
M17753,M,300.7,309.6,1568,35,82,1,0,0,0,0,0
L56847,L,299.1,310.4,1352,48.9,238,1,0,0,0,0,0
L48229,L,296.5,307.6,1415,34.6,106,1,0,0,0,0,0
L52138,L,303.8,312.5,1535,38.9,33,1,0,0,0,0,0
M15111,M,298,308.2,1708,27.8,83,1,0,0,0,0,0
L56447,L,298.2,308.8,1738,27.3,28,1,0,0,0,0,0
L55622,L,298.6,309.9,1567,39,4,1,0,0,0,0,0
M16778,M,298.1,307.9,1335,54.7,0,1,0,0,0,0,0
M15474,M,298.1,309.9,1634,30,55,1,0,0,0,0,0
L47663,L,297.4,309,1324,38.2,173,1,0,0,0,0,0
L53375,L,300.9,310.8,1522,48.7,55,1,0,0,0,0,0
L56800,L,298.9,310,1444,43.1,109,1,0,0,0,0,0
L55589,L,298.5,309.6,1544,34.7,130,1,0,0,0,0,0
L47407,L,298.3,308.5,1426,45.3,168,1,0,0,0,0,0
L48503,L,299.1,310.1,1588,36.7,74,1,0,0,0,0,0
H38235,H,297.4,308.7,1623,38.2,127,1,0,0,0,0,0
L57094,L,298.5,308.8,1488,43,15,1,0,0,0,0,0
L51352,L,302.2,310.6,1386,50,171,1,0,0,0,0,0
L54607,L,300,311.4,1547,36.8,0,1,0,0,0,0,0
L53636,L,300.7,310.1,1387,59.5,83,1,0,0,0,0,0
M22155,M,300.1,310.5,1395,41.8,157,1,0,0,0,0,0
L52965,L,301.7,311.1,1499,38.4,128,1,0,0,0,0,0
L55001,L,299.9,311.3,1506,34.4,146,1,0,0,0,0,0
M22129,M,300.1,310.5,1487,38.5,32,1,0,0,0,0,0
L53916,L,301.7,311.2,1629,42.2,144,1,0,0,0,0,0
M21937,M,300.6,310.2,1596,35.1,36,1,0,0,0,0,0
L50705,L,301.8,310.9,1567,33.2,162,1,0,0,0,0,0
L49959,L,300.1,309.6,1339,49.8,142,1,0,0,0,0,0
M18333,M,301.8,310.8,1489,45.3,104,1,0,0,0,0,0
H38751,H,298.5,308.8,1458,40.3,207,1,0,0,0,0,0
L51895,L,303.4,311.8,1476,42.3,180,1,0,0,0,0,0
L56611,L,298.1,308.6,1297,52.1,0,1,0,0,0,0,0
L49304,L,299.2,308.9,1491,39.1,117,1,0,0,0,0,0
M18372,M,301.9,311,1486,33.2,200,1,0,0,0,0,0
L52871,L,302.4,311.8,1432,56.4,100,1,0,0,0,0,0
L49461,L,299.3,308.7,1536,34.9,124,1,0,0,0,0,0
L49191,L,298.6,308.4,1366,46.4,184,1,0,0,0,0,0
L51892,L,303.5,311.8,1564,35.9,171,1,0,0,0,0,0
L55124,L,300.8,311.7,1414,38.8,10,1,0,0,0,0,0
M23665,M,297.4,308.6,1604,33.2,0,1,0,0,0,0,0
M19808,M,303.8,312.7,1520,39.1,125,1,0,0,0,0,0
L51317,L,301.9,310.2,1737,32.4,38,1,0,0,0,0,0
H39086,H,299.1,310.1,1793,24.5,5,1,0,0,0,0,0
L48477,L,298.8,309.9,1428,41.6,132,1,0,0,0,0,0
L54189,L,300.5,310.5,1536,40.2,12,1,0,0,0,0,0
M24250,M,297.5,308,1524,38,138,1,0,0,0,0,0
M17255,M,299.2,308.5,1512,39,150,1,0,0,0,0,0
L55886,L,297.2,308.6,1548,33,39,1,0,0,0,0,0
L49665,L,298.8,308.5,1394,47,181,1,0,0,0,0,0
L56552,L,297.7,308.4,1545,36.6,84,1,0,0,0,0,0
L53895,L,301.3,310.6,1816,26.8,92,1,0,0,0,0,0
M24019,M,297.5,308.6,1586,32.5,92,1,0,0,0,0,0
L52545,L,303.2,312.5,1548,40,5,1,0,0,0,0,0
H34463,H,304,313,1472,35.3,166,1,0,0,0,0,0
L52774,L,302.6,311.9,1378,49.9,70,1,0,0,0,0,0
L47186,L,298.1,308.6,1605,42.4,173,1,0,0,0,0,0
M18067,M,300.2,309,1469,31.2,37,1,0,0,0,0,0
M18554,M,302.3,311.3,1511,45,204,1,0,0,0,0,0
L52313,L,304.1,313.2,1477,25.8,186,1,0,0,0,0,0
L50996,L,302.1,310.6,1465,45.1,93,1,0,0,0,0,0
L50594,L,301.3,310.4,1495,40.2,131,1,0,0,0,0,0
M22667,M,300,311.5,1507,49,115,1,0,0,0,0,0
L48438,L,297.5,308.9,1415,45.9,34,1,0,0,0,0,0
M15506,M,297.7,309.4,1461,47.2,26,1,0,0,0,0,0
H39262,H,298.4,309.2,1345,40.6,111,1,0,0,0,0,0
L55040,L,300.5,312,1675,30.6,104,1,0,0,0,0,0
L53856,L,301.5,310.7,1536,38,224,1,0,0,0,0,0
L49181,L,298.4,308.2,1374,46.9,13,1,0,0,0,0,0
L50656,L,301.8,310.6,1522,43.9,70,1,0,0,0,0,0
L56180,L,297.1,307.9,1503,46,178,1,0,0,0,0,0
M22427,M,300.5,311,1720,29.7,148,1,0,0,0,0,0
M24102,M,298,308.8,1454,60.9,155,1,0,0,0,0,0
H35640,H,300.9,311,1657,31.5,20,1,0,0,0,0,0
M20964,M,300.9,310.8,2000,19.6,36,1,0,0,0,0,0
L53031,L,301.2,311,1573,31.9,57,1,0,0,0,0,0
L49077,L,297.9,307.5,1529,35,139,1,0,0,0,0,0
